status_id,status_message,link_name,status_type,status_link,status_published,num_reactions,num_comments,num_shares,num_likes,num_loves,num_wows,num_hahas,num_sads,num_angrys
10646929759_10154015300409760,This really is Calysta Bevier's fight song.,,video,https://www.facebook.com/nbcagt/videos/10154015300409760/,2016-06-22 21:11:00,5676,106,443,4975,646,51,1,0,3
10646929759_10154015294324760,Philadelphia Eagles players show love for their teammate Jon Dorenbos.,Eagles' Jon Dorenbos performs mind-blowing magic trick on 'America's Got Talent',link,http://www.bleedinggreennation.com/2016/6/21/11993922/eagles-jon-dorenbos-americas-got-talent-magic-trick-video-nbc-philadelphia-long-snapper-cards,2016-06-22 20:19:00,2546,68,271,2345,126,73,2,0,0
10646929759_10154015242149760,"""You never stop. You never give up ‚Äî because you can achieve your dreams"" - Julia Scotti",,video,https://www.facebook.com/nbcagt/videos/10154015242149760/,2016-06-22 16:43:04,1459,73,162,1258,128,4,66,1,2
10646929759_10154014840324760,What do Jon Dorenbos' Philadelphia Eagles teammates think of his magic?,,video,https://www.facebook.com/nbcagt/videos/10154014840324760/,2016-06-22 13:36:59,2560,70,327,2330,158,64,8,0,0
10646929759_10154013313509760,An inspiration to us all. ‚ú®,"Instagram photo by America's Got Talent - AGT ‚Ä¢ Jun 22, 2016 at 1:58am UTC",link,https://www.instagram.com/p/BG8GynYunXa/,2016-06-22 08:31:00,16654,316,469,14558,1971,116,1,3,5
10646929759_10154012894784760,See why Simon Cowell was inspired to hit his #GoldenBuzzer for Calysta Bevier.,,video,https://www.facebook.com/nbcagt/videos/10154012894784760/,2016-06-21 20:59:49,288246,19262,329304,231413,49493,6752,124,445,20
10646929759_10154012745164760,Get ready because Julia Scotti has some jokes that are going to make you blush big time.,,video,https://www.facebook.com/nbcagt/videos/10154012745164760/,2016-06-21 20:47:03,15976,813,4826,12943,1330,43,1653,3,4
10646929759_10154012738264760,"Jon Dorenbos doesn't just play for the Philadelphia Eagles, he has a second passion ‚Äî magic!",,video,https://www.facebook.com/nbcagt/videos/10154012738264760/,2016-06-21 20:00:54,52662,4692,61881,47005,2137,3362,152,2,4
10646929759_10154012855214760,It's showtime for Elias & Zion!,Timeline Photos,photo,https://www.facebook.com/nbcagt/photos/a.10150241297874760.332877.10646929759/10154012855214760/?type=3,2016-06-21 19:20:49,2838,164,100,2627,159,38,12,2,0
10646929759_10154012813259760,It's AGT time!,Timeline Photos,photo,https://www.facebook.com/nbcagt/photos/a.10150241297874760.332877.10646929759/10154012813259760/?type=3,2016-06-21 19:01:43,739,145,45,689,44,6,0,0,0
10646929759_10154012767014760,Let's play a game before AGT tonight!,,video,https://www.facebook.com/nbcagt/videos/10154012767014760/,2016-06-21 18:41:43,5880,2327,232,4122,1392,68,254,16,28
10646929759_10154012647919760,Simon Cowell is ready to hit his #GoldenBuzzer.,gph.is,link,http://gph.is/28NpDB3,2016-06-21 17:01:34,1922,62,272,1804,99,17,2,0,0
10646929759_10154012606799760,These 9-year-old twins will have you laughing for days.,Exclusive Clip! Are These Twins 'AGT's' Most Adorable Contestants Yet?,link,http://extratv.com/2016/06/21/exclusive-clip-are-these-twins-agts-most-adorable-contestants-yet/,2016-06-21 16:33:46,471,34,65,424,29,13,5,0,0
10646929759_10154012388754760,Deadly Games takes danger to the next level.,,video,https://www.facebook.com/nbcagt/videos/10154012388754760/,2016-06-21 14:56:28,20758,1067,8839,17507,500,2658,71,9,13
10646929759_10154012195399760,Ain't no party like Simon Cowell's welcome party. #NationalSelfieDay,Timeline Photos,photo,https://www.facebook.com/nbcagt/photos/a.10150241297874760.332877.10646929759/10154012195399760/?type=3,2016-06-21 13:00:04,7455,152,82,6462,192,10,789,0,2
10646929759_10154011884304760,Running away from responsibilities like.,gph.is,link,http://gph.is/28RwfN8,2016-06-21 10:11:47,3066,54,117,2549,82,3,432,0,0
10646929759_10154010392514760,Hey you ‚Äî are you ready for an all new AGT tomorrow?!,Timeline Photos,photo,https://www.facebook.com/nbcagt/photos/a.10150241297874760.332877.10646929759/10154010392514760/?type=3,2016-06-20 17:37:21,953,75,23,876,61,3,12,1,0
10646929759_10154010178854760,See how Sal Valentinetti won Heidi Klum's heart. #GoldenBuzzer,,video,https://www.facebook.com/nbcagt/videos/10154010178854760/,2016-06-20 15:20:20,7502,613,4056,6237,1068,175,18,4,0
10646929759_10154010017169760,Trying to make it through Monday.,gph.is,link,http://gph.is/28JsqJq,2016-06-20 13:52:05,1494,62,128,1289,24,94,86,0,1
10646929759_10154007111014760,Russian Bar Trio's bar is only 4 inches wide!,,video,https://www.facebook.com/nbcagt/videos/10154007111014760/,2016-06-19 17:44:00,1581,46,219,1398,65,118,0,0,0
10646929759_10154007055214760,Happy Father's Day!,gph.is,link,http://gph.is/265tKzV,2016-06-19 14:03:00,12852,139,323,11715,963,13,161,0,0
10646929759_10154007043229760,AGT Horoscopes have arrived!  Who's yours this week?,Timeline Photos,photo,https://www.facebook.com/nbcagt/photos/a.10150241297874760.332877.10646929759/10154007043229760/?type=3,2016-06-19 12:44:00,178,35,6,169,8,0,1,0,0
10646929759_10154007013574760,"""There is no feeling like performing on that stage.""",,video,https://www.facebook.com/nbcagt/videos/10154007013574760/,2016-06-19 10:35:59,957,22,65,896,54,2,5,0,0
10646929759_10154004472414760,"For Sal Valentinetti, confidence was key.",,video,https://www.facebook.com/nbcagt/videos/10154004472414760/,2016-06-18 17:37:00,2182,119,311,1861,211,10,99,1,0
10646929759_10154004446509760,Now watch Nick Cannon whip!,Timeline Photos,photo,https://www.facebook.com/nbcagt/photos/a.10150241297874760.332877.10646929759/10154004446509760/?type=3,2016-06-18 14:11:00,1334,54,37,1265,30,3,36,0,0
10646929759_10154004418779760,Find out how this captivating juggler incorporated modern dance into his act.,,video,https://www.facebook.com/nbcagt/videos/10154004418779760/,2016-06-18 10:34:36,3971,134,406,3650,182,134,3,0,2
10646929759_10154002110734760,"""Today is the first day of the rest of my life."" - Sal Valentinetti",Timeline Photos,photo,https://www.facebook.com/nbcagt/photos/a.10150241297874760.332877.10646929759/10154002110734760/?type=3,2016-06-17 17:09:00,10384,364,262,9277,1014,39,52,0,2
10646929759_10154002054919760,Happier than Pretzel Day right now.,Photos from America's Got Talent's post,photo,https://www.facebook.com/nbcagt/photos/a.10150241297874760.332877.10646929759/10154002054794760/?type=3,2016-06-17 13:34:00,1629,47,65,1444,173,1,11,0,0
10646929759_10154001700149760,"We can't wait until you make us laugh again, Lori Mae Hernandez.",,video,https://www.facebook.com/nbcagt/videos/10154001700149760/,2016-06-17 09:57:18,2893,92,157,2666,139,5,82,1,0
10646929759_10153999948209760,Meet Heidi Klum's #GoldenBuzzer and all the amazing acts from this week's episode: http://bit.ly/2610vhR,Timeline Photos,photo,https://www.facebook.com/nbcagt/photos/a.10150241297874760.332877.10646929759/10153999948209760/?type=3,2016-06-16 19:02:00,1736,89,54,1489,232,12,3,0,0
10646929759_10153999908954760,"""I haven't seen a girl band that is already that tight in a very long time."" - Mel B on Good Girl",,video,https://www.facebook.com/nbcagt/videos/10153999908954760/,2016-06-16 15:31:28,1369,53,134,1283,81,3,1,1,0
10646929759_10153997929369760,13-year-old Lori Mae Hernandez had the whole crowd laughing.,,video,https://www.facebook.com/nbcagt/videos/10153997929369760/,2016-06-15 18:00:12,21298,537,4320,18406,1181,47,1652,4,8
10646929759_10153997606304760,Relationship Goals.,"This Guy Pulled A Jim Halpert From ""The Office"" And Asked His Crush Out With A Teapot",link,https://www.buzzfeed.com/caseyrackham/you-make-me-happier-than-pretzel-day?bffbmain&utm_term=.khwM9loLL#.lup4gA133,2016-06-15 14:45:32,3588,165,354,3171,380,4,32,0,1
10646929759_10153997080009760,"Put your hands together for last night's #GoldenBuzzer, Sal Valentinetti.","Instagram photo by America's Got Talent - AGT ‚Ä¢ Jun 15, 2016 at 1:59am UTC",link,https://www.instagram.com/p/BGqFTzZOnWO/?taken-by=nbcagt,2016-06-15 10:03:57,11335,494,354,9814,1376,131,8,1,5
10646929759_10153996006779760,You'll never believe this The Office themed promposal that OneVoice just pulled off.,,video,https://www.facebook.com/nbcagt/videos/10153996006779760/,2016-06-14 21:27:04,4979,323,1063,4322,576,61,20,0,0
10646929759_10153995324174760,Sal Valentinetti's extraordinary performance sealed the deal for Heidi Klum. #GoldenBuzzer,,video,https://www.facebook.com/nbcagt/videos/10153995324174760/,2016-06-14 20:59:36,261657,32126,435427,222257,31376,7487,468,47,22
10646929759_10153995441079760,This daredevil couple takes acrobatics to dangerous heights.,,video,https://www.facebook.com/nbcagt/videos/10153995441079760/,2016-06-14 20:04:05,29534,1927,53068,24571,784,4109,56,9,5
10646929759_10153995379624760,"Kadie Lynn, you can sing us a lullaby any day.",,video,https://www.facebook.com/nbcagt/videos/10153995379624760/,2016-06-14 19:46:27,8704,372,1860,7629,899,168,6,1,1
10646929759_10153995459104760,That was pure üî•. youtu.be/rwSK8MxO54Q,Timeline Photos,photo,https://www.facebook.com/nbcagt/photos/a.10150241297874760.332877.10646929759/10153995459104760/?type=3,2016-06-14 19:15:16,3313,175,150,3049,228,27,5,0,4
10646929759_10153995448704760,Eyes on the prize! AGT starts now.,Timeline Photos,photo,https://www.facebook.com/nbcagt/photos/a.10150241297874760.332877.10646929759/10153995448704760/?type=3,2016-06-14 19:00:44,410,79,47,313,16,4,76,0,1
10646929759_10153995400954760,Grab your friends. We'll see you later!,gph.is,link,http://gph.is/1Ypvm1D,2016-06-14 15:07:42,407,32,84,374,28,0,5,0,0
10646929759_10153995105739760,Lori Mae Hernandez will have you laughing for all the right reasons.,,video,https://www.facebook.com/nbcagt/videos/10153995105739760/,2016-06-14 12:47:19,13141,1790,6820,9761,1165,35,2128,4,48
10646929759_10153993440859760,En route to AGT. See you tomorrow!,Timeline Photos,photo,https://www.facebook.com/nbcagt/photos/a.10150241297874760.332877.10646929759/10153993440859760/?type=3,2016-06-13 19:39:28,1009,42,21,919,76,4,10,0,0
10646929759_10153993107789760,AGT Horoscopes are in! Who's yours?,Timeline Photos,photo,https://www.facebook.com/nbcagt/photos/a.10150241297874760.332877.10646929759/10153993107789760/?type=3,2016-06-13 16:18:28,371,114,30,335,25,2,9,0,0
10646929759_10153992844684760,Who has what it takes to be the next #GoldenBuzzer?,,video,https://www.facebook.com/nbcagt/videos/10153992844684760/,2016-06-13 14:08:01,5768,446,2104,4784,841,141,2,0,0
10646929759_10153985757659760,Can you spot the difference?,Timeline Photos,photo,https://www.facebook.com/nbcagt/photos/a.10150241297874760.332877.10646929759/10153985757659760/?type=3,2016-06-10 17:06:55,2765,228,236,2117,44,3,600,0,1
10646929759_10153984991779760,"We're still emotional, Musicality. youtu.be/qBHElQ8Rp9s",gph.is,link,http://gph.is/1PPiosm,2016-06-10 10:33:44,1016,83,63,915,88,5,4,2,2
10646929759_10153983266284760,"""This entire experience has been such a confidence booster.""",'America's Got Talent' Star Grace VanderWaal Talks Songwriting,link,http://www.rollingstone.com/music/news/americas-got-talent-star-grace-vanderwaal-talks-songwriting-katy-perry-20160609,2016-06-09 20:48:00,14829,322,733,13288,1403,129,6,2,1
10646929759_10153983404114760,"Let the bodies hit the floor, John Hetlinger!",,video,https://www.facebook.com/nbcagt/videos/10153983404114760/,2016-06-09 19:33:00,2984,373,869,2546,213,37,186,0,2
10646929759_10153983413639760,Here's to second chances.,Timeline Photos,photo,https://www.facebook.com/nbcagt/photos/a.10150241297874760.332877.10646929759/10153983413639760/?type=3,2016-06-09 18:14:00,4553,125,123,4161,378,4,10,0,0
10646929759_10153983391544760,Twelve-year-old Grace VanderWaal is stealing America's hearts.,,video,https://www.facebook.com/nbcagt/videos/10153983391544760/,2016-06-09 17:20:34,27271,568,3332,23633,3205,412,12,5,4
10646929759_10153983071189760,Drowning Pool wants to bring John Hetlinger on stage.,Drowning Pool Gives 'Big Thanks' to 82-Year-Old 'America's Got Talent' Singer Who Covered 'Bodies',link,http://www.billboard.com/articles/news/7400336/drowning-pool-cj-pierce-americas-got-talent-bodies,2016-06-09 14:40:17,6688,316,1175,5837,584,44,219,1,3
10646929759_10153980928709760,"Catch up on all of the fun, see last night's full episode. http://bit.ly/1rdAj0j",Timeline Photos,photo,https://www.facebook.com/nbcagt/photos/a.10150241297874760.332877.10646929759/10153980928709760/?type=3,2016-06-08 17:02:55,2470,150,86,2252,157,12,48,0,1
10646929759_10153980374654760,A star is born.,"Instagram photo by America's Got Talent - AGT ‚Ä¢ Jun 8, 2016 at 2:03am UTC",link,https://www.instagram.com/p/BGYEN1wOnYS/?taken-by=nbcagt,2016-06-08 11:52:08,41156,683,1316,35180,5470,485,11,6,4
10646929759_10153978677414760,See why Simon Cowell thinks Grace VanderWaal is the next Taylor Swift. #GoldenBuzzer,,video,https://www.facebook.com/nbcagt/videos/10153978677414760/,2016-06-07 20:59:19,1440487,118793,1394961,1220629,166598,52009,858,315,78
10646929759_10153978703704760,Age is nothing but a number.,,video,https://www.facebook.com/nbcagt/videos/10153978703704760/,2016-06-07 20:38:08,74277,22558,102773,60623,5587,2415,5611,19,22
10646929759_10153978810104760,These are the moments we live for.,Timeline Photos,photo,https://www.facebook.com/nbcagt/photos/a.10150241297874760.332877.10646929759/10153978810104760/?type=3,2016-06-07 20:09:18,6557,213,220,5820,692,38,3,2,2
10646929759_10153978520109760,"Trust us, you don't want to miss a minute of tonight's auditions ‚Äî the show starts now!",Timeline Photos,photo,https://www.facebook.com/nbcagt/photos/a.10150241297874760.332877.10646929759/10153978520109760/?type=3,2016-06-07 19:00:00,1318,210,79,1227,67,3,21,0,0
10646929759_10153978443524760,It's a family affair!,Exclusive Clip: Nikki & Rich Frontwoman Resurfaces on 'America's Got Talent',link,https://www.yahoo.com/music/exclusive-clip-nikki-rich-frontwoman-resurfaces-160908559.html?src=rss,2016-06-07 18:00:00,3809,168,575,3326,441,41,1,0,0
10646929759_10153978429604760,"We love your accent, Mel B!",Mel B Cannot Pronounce Buzzer,video,http://www.nbc.com/the-tonight-show/video/mel-b-cannot-pronounce-buzzer/3047379,2016-06-07 16:26:54,2199,88,92,1939,109,6,145,0,0
10646929759_10153977945799760,Malevo brings a beat you won't forget.,,video,https://www.facebook.com/nbcagt/videos/10153977945799760/,2016-06-07 12:04:23,101705,8623,287319,87435,10572,3508,174,11,5
10646929759_10153975958184760,"More laughs, tears, and smiles to come.",Timeline Photos,photo,https://www.facebook.com/nbcagt/photos/a.10150241297874760.332877.10646929759/10153975958184760/?type=3,2016-06-06 21:07:00,3682,89,76,3488,140,9,42,1,2
10646929759_10153975970904760,Nick Cannon is changing the #GoldenBuzzer game this season.,gph.is,link,http://gph.is/1U4lrvt,2016-06-06 19:14:00,2086,64,69,1857,65,12,152,0,0
10646929759_10153976047934760,Ashton Kutcher wants to know what you think of Tape Face.,This 'America's Got Talent' Contestant Didn't Speak A Word. Now He's Got Everyone Talking.,link,http://aplus.com/a/tape-face-americas-got-talent?c=12297&utm_campaign=i102&utm_source=a97006,2016-06-06 16:34:00,6720,639,767,5643,547,28,491,6,5
10646929759_10153975952884760,*high-five* AGT Auditions are back tomorrow night!,gph.is,link,http://gph.is/1TS69HV,2016-06-06 13:52:15,736,18,20,684,29,0,23,0,0
10646929759_10153975500839760,THIS is how excited our judges are about this season's talent.,Timeline Photos,photo,https://www.facebook.com/nbcagt/photos/a.10150241297874760.332877.10646929759/10153975500839760/?type=3,2016-06-06 11:22:00,2286,45,25,2170,99,2,15,0,0
10646929759_10153974262584760,The first #GoldenBuzzer of Season 11 is still speechless.,,video,https://www.facebook.com/nbcagt/videos/10153974262584760/,2016-06-06 09:05:00,5614,209,753,4988,509,107,5,0,5
10646929759_10153971682404760,Us trying to watch Ryan Stock. https://youtu.be/F3T76huuj6g,gph.is,link,http://gph.is/1U5mgFv,2016-06-05 22:45:00,681,28,43,608,23,5,45,0,0
10646929759_10153974252894760,"We like your style, The Boy with Tape on His Face.",,video,https://www.facebook.com/nbcagt/videos/10153974252894760/,2016-06-05 19:02:00,3959,151,351,3522,227,22,182,2,4
10646929759_10153974209959760,AGT Horoscopes are in! What's yours?,Timeline Photos,photo,https://www.facebook.com/nbcagt/photos/a.10150241297874760.332877.10646929759/10153974209959760/?type=3,2016-06-05 17:29:51,567,130,41,530,23,2,10,0,2
10646929759_10153971678704760,Still don't know how The Clairvoyants - Thommy Ten & Am√©lie van Tass did that. https://youtu.be/ILOjUHn39qM,Timeline Photos,photo,https://www.facebook.com/nbcagt/photos/a.10150241297874760.332877.10646929759/10153971678704760/?type=3,2016-06-05 13:15:00,1957,120,141,1778,67,104,5,0,3
10646929759_10153971670904760,Only two more days until more of this.,gph.is,link,http://gph.is/1VDY2U9,2016-06-05 09:33:00,1159,43,36,1047,58,2,51,1,0
10646929759_10153971632519760,Some people really don't like germs.,Timeline Photos,photo,https://www.facebook.com/nbcagt/photos/a.10150241297874760.332877.10646929759/10153971632519760/?type=3,2016-06-04 19:08:00,2694,74,51,2458,44,3,187,1,1
10646929759_10153971638509760,"America, meet The Boy with Tape on His Face.",gph.is,link,http://gph.is/1ZmS0Gt,2016-06-04 14:08:37,3799,178,307,3241,270,9,274,1,4
10646929759_10153967887509760,Ain't no party like an AGT foam party.,Timeline Photos,photo,https://www.facebook.com/nbcagt/photos/a.10150241297874760.332877.10646929759/10153967887509760/?type=3,2016-06-04 09:10:00,1587,50,29,1366,51,3,167,0,0
10646929759_10153969752594760,ICYMI: The AGT premiere was on üî•üî•üî•! Watch the episode now on NBC. http://bit.ly/1kI1Wbp,gph.is,link,http://gph.is/1TO2CdR,2016-06-03 17:35:30,439,45,52,385,40,9,4,0,1
10646929759_10153967880894760,Caption this.,Timeline Photos,photo,https://www.facebook.com/nbcagt/photos/a.10150241297874760.332877.10646929759/10153967880894760/?type=3,2016-06-03 13:45:00,1942,338,66,1595,30,16,297,0,4
10646929759_10153967872909760,We're still not over this magical moment.,Timeline Photos,photo,https://www.facebook.com/nbcagt/photos/a.10150241297874760.332877.10646929759/10153967872909760/?type=3,2016-06-03 09:05:00,6497,266,306,5610,779,99,6,1,2
10646929759_10153967404159760,"But first, a Nick and Simon selfie.",Timeline Photos,photo,https://www.facebook.com/nbcagt/photos/a.10150241297874760.332877.10646929759/10153967404159760/?type=3,2016-06-02 16:49:29,2448,74,31,2226,52,2,167,0,1
10646929759_10153965435609760,HBD Heidi! üéÇ,Timeline Photos,photo,https://www.facebook.com/nbcagt/photos/a.10150241297874760.332877.10646929759/10153965435609760/?type=3,2016-06-01 18:42:49,6502,454,139,6070,378,40,10,2,2
10646929759_10153964925169760,"Meet the first Golden Buzzer of the season, Laura Bretan. üåü",'Dream Come True!' 13-Year-Old Opera Singer Laura Bretan Stuns America's Got Talent Judges and...,link,http://www.people.com/article/americas-got-talent-laura-bretan-stuns-judges-opera-singing,2016-06-01 12:56:59,13245,583,1785,11233,1640,353,10,1,8
10646929759_10153963634849760,"Don't let us interrupt, The Boy with Tape on His Face.
youtu.be/O70Ww9vzjvg",gph.is,link,http://gph.is/1t0cyKV,2016-06-01 10:45:00,8687,571,1414,6986,612,31,1056,0,2
10646929759_10153964522224760,,America's Got Talent's cover photo,photo,https://www.facebook.com/nbcagt/photos/a.10150642653499760.402925.10646929759/10153964522134760/?type=3,2016-06-01 08:51:27,1321,88,96,1222,88,9,2,0,0
10646929759_10153963624174760,When your alarm goes off.,gph.is,link,http://gph.is/1PhVREv,2016-06-01 07:02:00,2402,113,103,2109,70,6,217,0,0
10646929759_10153963585239760,You'll never forget Laura Bretan's voice.,,video,https://www.facebook.com/nbcagt/videos/10153963585239760/,2016-05-31 21:32:51,112369,7807,129487,92836,12189,7188,86,52,18
10646929759_10153963483404760,Nathan Bockstahler's got jokes.,,video,https://www.facebook.com/nbcagt/videos/10153963483404760/,2016-05-31 20:43:34,24507,1117,7027,21280,1810,54,1357,3,3
10646929759_10153963424354760,Hara is simply magical. ‚ú®,,video,https://www.facebook.com/nbcagt/videos/10153963424354760/,2016-05-31 20:10:18,17839,906,11208,15022,1517,1276,17,6,1
10646929759_10153963374919760,Be honest. You just gave Linkin' Bridge a standing ovation too.,,video,https://www.facebook.com/nbcagt/videos/10153963374919760/,2016-05-31 19:52:44,40608,2487,21803,34494,4571,1481,54,4,4
10646929759_10153963216614760,The wait is over. üéâ,Timeline Photos,photo,https://www.facebook.com/nbcagt/photos/a.10150241297874760.332877.10646929759/10153963216614760/?type=3,2016-05-31 19:00:00,3852,401,402,3459,352,29,10,1,1
10646929759_10153963106164760,Tell your friends. Tell your neighbors.,,video,https://www.facebook.com/nbcagt/videos/10153963106164760/,2016-05-31 17:02:21,1182,55,140,1079,86,5,12,0,0
10646929759_10153954146094760,Be proud of America's talent when AGT premieres TONIGHT at 8/7c on NBC.,Timeline Photos,photo,https://www.facebook.com/nbcagt/photos/a.10150241297874760.332877.10646929759/10153954146094760/?type=3,2016-05-31 14:45:00,67229,1286,3428,64649,2182,305,59,12,22
10646929759_10153954129624760,"Pull up a chair! Simon Cowell joins the AGT squad, and the fun begins TONIGHT at 8/7c on NBC.",Timeline Photos,photo,https://www.facebook.com/nbcagt/photos/a.10150241297874760.332877.10646929759/10153954129624760/?type=3,2016-05-31 09:15:00,7416,174,346,7099,248,15,49,2,3
10646929759_10153954079369760,Just one buzzer can change your life. The fun begins TONIGHT at 8/7c on NBC.,,video,https://www.facebook.com/nbcagt/videos/10153954079369760/,2016-05-31 07:00:00,6963,91,958,6435,464,48,14,1,1
10646929759_10153954280944760,Simon will leave you speechless. The fun begins TONIGHT at 8/7c on NBC.,,video,https://www.facebook.com/nbcagt/videos/10153954280944760/,2016-05-31 02:00:00,2838,138,420,2628,140,5,61,1,3
10646929759_10153961050804760,It's gonna be out-of-this-world. ‚ú®,,video,https://www.facebook.com/nbcagt/videos/10153961050804760/,2016-05-30 17:57:26,1622,61,91,1523,89,8,2,0,0
10646929759_10153960816534760,"There's no place like foam, Simon Cowell. See you tomorrow!",Timeline Photos,photo,https://www.facebook.com/nbcagt/photos/a.10150241297874760.332877.10646929759/10153960816534760/?type=3,2016-05-30 15:40:15,401,16,29,347,19,4,31,0,0
10646929759_10153960323339760,Join us at the judges table when AGT returns TOMORROW!,Timeline Photos,photo,https://www.facebook.com/nbcagt/photos/a.10150241297874760.332877.10646929759/10153960323339760/?type=3,2016-05-30 11:41:40,464,42,36,432,29,3,0,0,0
10646929759_10153958549344760,"Today, the B is for Birthday! üéÇ",Timeline Photos,photo,https://www.facebook.com/nbcagt/photos/a.10150241297874760.332877.10646929759/10153958549344760/?type=3,2016-05-29 18:02:00,1045,109,25,979,61,5,0,0,0
10646929759_10153958384729760,TA-DA! TWO days to go! ‚ú®,gph.is,link,http://gph.is/1X6fQsF,2016-05-29 17:04:00,956,27,66,877,44,3,32,0,0
10646929759_10153958207479760,You'll never see THIS plot twist coming. Expect the unexpected when AGT premieres Tuesday at 8/7c on NBC.,,video,https://www.facebook.com/nbcagt/videos/10153958207479760/,2016-05-29 14:07:07,7462,834,6868,6108,971,373,6,3,1
10646929759_10153956857874760,How well do you know Simon?,Simon Cowell: 25 Things You Don't Know About Me,link,http://www.usmagazine.com/celebrity-news/news/simon-cowell-25-things-you-dont-know-about-me-w207866,2016-05-29 08:05:00,650,60,43,611,35,2,1,0,1
10646929759_10153955976024760,The judges aren't holding anything back this season! AGT is back in THREE days!,gph.is,link,http://gph.is/1P6NefS,2016-05-28 12:42:58,879,44,45,788,30,0,61,0,0
10646929759_10153954105239760,"How many days away from AGT are we, Howie Mandel?",Timeline Photos,photo,https://www.facebook.com/nbcagt/photos/a.10150241297874760.332877.10646929759/10153954105239760/?type=3,2016-05-27 15:07:38,3043,90,91,2827,167,25,24,0,0
10646929759_10153951996179760,*high five* Who's ready for AGT in five days?!,gph.is,link,http://gph.is/1UghP9E,2016-05-26 15:49:03,2756,95,111,2494,226,3,33,0,0
10646929759_10153951614969760,Howie Mandel is LIVE at Universal Studios Hollywood!,,video,https://www.facebook.com/nbcagt/videos/10153951614969760/,2016-05-26 12:09:36,3464,4474,157,2628,570,41,183,9,33
10646929759_10153944032444760,"You'll never believe the things Simon says. The fun begins Tuesday, May 31 on NBC.",,video,https://www.facebook.com/nbcagt/videos/10153944032444760/,2016-05-25 18:29:27,816,46,114,744,56,9,7,0,0
10646929759_10153949608969760,Get your Golden Buzzers ready! AGT returns in six days!,gph.is,link,http://gph.is/1sA1of2,2016-05-25 13:03:14,935,39,50,881,35,18,1,0,0
10646929759_10153943952874760,"One stage, one audition, one shot to impress the judges. The fun begins May 31 on NBC!",,video,https://www.facebook.com/nbcagt/videos/10153943952874760/,2016-05-24 21:08:00,1525,46,238,1410,105,2,8,0,0
10646929759_10153948066764760,Simon on fatherhood.,Simon Cowell: Why I Never Expected To Be A Dad,link,http://ahwd.tv/ffYMxH,2016-05-24 18:29:13,2273,64,84,2134,117,18,4,0,0
10646929759_10153947982314760,,Heidi Klum,photo,https://www.facebook.com/HeidiKlum/photos/a.190496229413.156773.76377189413/10154184650504414/?type=3,2016-05-24 17:14:47,192,5,0,178,14,0,0,0,0
10646929759_10153947622379760,We're getting close! Only one week until #AGT premieres!,Timeline Photos,photo,https://www.facebook.com/nbcagt/photos/a.10150241297874760.332877.10646929759/10153947622379760/?type=3,2016-05-24 13:24:20,331,31,36,307,18,5,1,0,0
10646929759_10153945980334760,We're *almost* positive he won't bite.,Simon of the Lambs,video,https://www.facebook.com/nbcagt/videos/10153945980334760/,2016-05-23 19:17:03,2572,75,319,2246,100,5,220,0,1
10646929759_10153941506044760,"Ten days! America, are you ready?",gph.is,link,http://gph.is/1W9aJap,2016-05-21 20:05:21,1496,104,91,1373,97,17,7,1,1
10646929759_10153939070649760,Has Simon Cowell met his match with Heidi Klum this season on #AGT? Find out on Entertainment Tonight.,Simon Cowell Meets His Match in Heidi Klum on 'America's Got Talent',link,http://et.tv/1U4vQaf,2016-05-20 17:57:18,985,60,27,931,31,2,18,0,3
10646929759_10153938916779760,Leaving the office on Friday like...,gph.is,link,http://gph.is/1TvJd4B?tc=1,2016-05-20 16:10:30,381,6,13,364,7,0,9,1,0
10646929759_10153936587004760,You're never too old for a pajama party! #TBT,Timeline Photos,photo,https://www.facebook.com/nbcagt/photos/a.10150241297874760.332877.10646929759/10153936587004760/?type=3,2016-05-19 16:55:01,2564,71,29,2263,77,6,218,0,0
10646929759_10153934127699760,"Simon Cowell is here to find America's next big star. The fun begins Tuesday, May 31 on NBC!",,video,https://www.facebook.com/nbcagt/videos/10153934127699760/,2016-05-18 13:51:55,5609,160,984,5195,341,45,23,1,4
10646929759_10153934004244760,Question of the year!,Has Simon Cowell softened? How becoming a dad changed everything,link,http://www.today.com/parents/has-simon-cowell-softened-how-becoming-dad-changed-everything-t92996,2016-05-18 11:43:09,2413,91,67,2275,112,23,3,0,0
10646929759_10153932411874760,AGT returns with ALL kinds of talent in just TWO weeks!,,video,https://www.facebook.com/nbcagt/videos/10153932411874760/,2016-05-17 17:46:35,541,28,49,506,28,5,2,0,0
10646929759_10153932143964760,Will we see the softer side of Simon Cowell on #AGT?  http://on.today.com/1NwT0qp,Timeline Photos,photo,https://www.facebook.com/nbcagt/photos/a.10150241297874760.332877.10646929759/10153932143964760/?type=3,2016-05-17 14:35:15,253,11,19,229,12,1,11,0,0
10646929759_10153931843839760,Wondering when you'll get to see Simon Cowell every week? TV Guide Magazine has you covered!,Timeline Photos,photo,https://www.facebook.com/nbcagt/photos/a.10150241297874760.332877.10646929759/10153931843839760/?type=3,2016-05-17 11:56:07,186,24,5,171,15,0,0,0,0
10646929759_10153930436134760,Season 11 is right around the corner! Which types of acts are you most excited to see?,Timeline Photos,photo,https://www.facebook.com/nbcagt/photos/a.10150241297874760.332877.10646929759/10153930436134760/?type=3,2016-05-16 17:34:57,719,114,30,676,35,6,2,0,0
10646929759_10153923972409760,You know what day it is. #AGT,giphy.com,link,http://giphy.com/gifs/agt-howie-mel-dance-dancedance-yas-qween-danceee-friday-love-team-l41YAxecBlyCXsXkI?status=200,2016-05-13 18:39:50,840,38,14,782,29,1,28,0,0
10646929759_10153921468484760,"Your official first look at Season 11. The fun begins Tuesday, May 31 at 8/7c on NBC!",AGT Season 11 First Look,video,https://www.facebook.com/nbcagt/videos/10153921468484760/,2016-05-12 15:57:13,1935,115,533,1737,150,8,39,0,1
10646929759_10153921251579760,Throwback to one of our all-time favorite ussies. üî• Less than three weeks until our premiere! #tbt,Timeline Photos,photo,https://www.facebook.com/nbcagt/photos/a.10150241297874760.332877.10646929759/10153921251579760/?type=3,2016-05-12 13:05:40,3876,100,56,3692,155,11,18,0,0
10646929759_10153913218684760,"Today, all moms deserve a round of applause. Happy Mother's Day from #AGT! üëèüëèüëè",67.media.tumblr.com,link,http://67.media.tumblr.com/fdf00ce0be5ac5b3f4179091f0ed60d6/tumblr_npcizrZ1TL1rdn65io1_500.gif,2016-05-08 16:01:17,1067,30,34,997,33,1,1,0,0
10646929759_10153910436424760,"How did Simon Cowell feel about wearing a straitjacket? An inside look at the making of ""Simon of the Lambs.""",,video,https://www.facebook.com/nbcagt/videos/10153910436424760/,2016-05-07 13:13:15,1792,80,255,1565,63,9,153,1,0
10646929759_10153901769504760,The countdown to our season premiere is on!,Timeline Photos,photo,https://www.facebook.com/nbcagt/photos/a.10150241297874760.332877.10646929759/10153901769504760/?type=3,2016-05-03 16:55:59,739,83,81,679,49,7,1,1,2
10646929759_10153900048869760,Mondays.,66.media.tumblr.com,link,https://66.media.tumblr.com/0b4cac04f9bed2eaf903f8c6ddc5a005/tumblr_o6kj43rkaI1rdn65io1_500.gif,2016-05-02 16:18:09,838,24,27,762,15,5,56,0,0
10646929759_10153892977124760,Say hello to Simon Cowell.,'Simon of the Lambs' prepares for 'America's Got Talent' debut,link,http://www.today.com/video/-simon-of-the-lambs-prepares-for-america-s-got-talent-debut-676208707775,2016-04-29 11:04:43,1239,95,80,1133,34,3,63,2,4
10646929759_10153890720744760,Thinking about May 31 like...,Heidi Klum,photo,https://www.facebook.com/HeidiKlum/photos/a.190496229413.156773.76377189413/10154123796734414/?type=3,2016-04-28 10:17:34,505,28,0,473,28,1,3,0,0
10646929759_10153884997319760,Your first look at Simon Cowell at the judges table. The fun begins May 31 on NBC.,America's Biggest Obsession Is Back,video,https://www.facebook.com/nbcagt/videos/10153884997319760/,2016-04-27 16:53:08,1376,94,316,1262,90,15,5,1,2
10646929759_10153886799674760,Bon Appetit!,WATCH: Simon Cowell Channels Hannibal Lecter in America's Got Talent Promo,link,http://www.people.com/article/americas-got-talent-simon-cowell-is-hannibal-lecter-promo?xid=socialflow_twitter_peoplemag,2016-04-26 13:29:28,859,41,64,767,33,4,53,0,2
10646929759_10153885304379760,When someone tries to make plans with you on May 31.,45.media.tumblr.com,link,https://45.media.tumblr.com/eee9a3a039d3eabd389ccdad06fe7a71/tumblr_o67yh2WdFU1rdn65io1_500.gif,2016-04-25 21:23:41,1349,61,73,1184,41,5,113,1,5
10646929759_10153884987314760,"Ladies and gentlemen, Simon Cowell has arrived. The fun begins Tuesday, May 31 on NBC.",Simon of the Lambs,video,https://www.facebook.com/nbcagt/videos/10153884987314760/,2016-04-25 19:37:34,22530,1161,7409,19769,1099,103,1478,14,49
10646929759_10153871596709760,We did the math... and this little guy has some serious talent!,Little Big Shots,video,https://www.facebook.com/NBCLittleBigShots/videos/1583221311990122/,2016-04-19 16:07:15,8120,341,1,6879,433,749,58,1,0
10646929759_10153869245859760,Trying to Monday.,media.giphy.com,link,https://media.giphy.com/media/g2chOfykIkEIo/giphy.gif,2016-04-18 15:21:07,667,26,17,632,10,1,23,0,1
10646929759_10153858805049760,When you think it's Thursday but it's only Wednesday.,45.media.tumblr.com,link,https://45.media.tumblr.com/fa8f5381ea38755b053c3dbcac4ff834/tumblr_ntdzobzZAO1rdn65io2_500.gif,2016-04-13 17:18:35,1088,35,81,967,17,1,102,1,0
10646929759_10153856035334760,"The fun begins Tuesday, May 31 at 8/7c on NBC!",America's Got Talent,photo,https://www.facebook.com/nbcagt/photos/a.430813619759.231386.10646929759/10153856035189760/?type=3,2016-04-12 14:16:54,959,55,124,886,62,10,1,0,0
10646929759_10153856023499760,Simon says... Don't miss the fun beginning May 31 on NBC!,America's Got Talent's cover photo,photo,https://www.facebook.com/nbcagt/photos/a.10150642653499760.402925.10646929759/10153856023364760/?type=3,2016-04-12 14:12:49,926,74,168,849,64,12,1,0,0
10646929759_10153841734614760,Who does Simon Cowell think is the meanest judge on TV?,What Simon Cowell Really Thinks About The Other 'AGT' Judges!,link,http://www.accesshollywood.com/videos/simon-cowell-what-he-really-thinks-about-the-other-agt-judges/,2016-04-06 16:18:22,236,50,16,222,11,0,0,0,3
10646929759_10153839340999760,"Who will be America's next big star? See what Simon says, starting May 31 on NBC.",,video,https://www.facebook.com/nbcagt/videos/10153839340999760/,2016-04-05 18:24:17,1565,81,289,1488,52,2,22,0,1
10646929759_10153829449939760,Gets us every time. #AprilFools,America's Got Talent,video,https://www.facebook.com/nbcagt/videos/10153345532569760/,2016-04-01 15:48:24,5148,125,1,4373,165,7,603,0,0
10646929759_10153828684819760,,America's Got Talent,photo,https://www.facebook.com/nbcagt/photos/a.430813619759.231386.10646929759/10153828684734760/?type=3,2016-04-01 10:26:04,1539,48,20,1485,44,6,3,0,1
10646929759_10153828684589760,,America's Got Talent's cover photo,photo,https://www.facebook.com/nbcagt/photos/a.10150642653499760.402925.10646929759/10153828684474760/?type=3,2016-04-01 10:25:52,421,15,25,409,9,2,1,0,0
10646929759_10153795148549760,Hoping your Easter egg hunt doesn't look anything like this! https://youtu.be/mg28SiWmv2E,49.media.tumblr.com,link,https://49.media.tumblr.com/8cde7de90c11542a7247842f419f68b1/tumblr_o4j2yy0tKq1rdn65io1_500.gif,2016-03-27 09:15:00,567,17,17,535,8,1,23,0,0
10646929759_10153804828474760,And your bid supports Boys & Girls Clubs of America and WWE Network #Stars4Hope? Four yeses from us!,2 Tickets to a Taping of America's Got Talent & Meet the Judges,link,http://chrty.bz/1Mmwf2v,2016-03-26 11:17:39,202,23,7,199,3,0,0,0,0
10646929759_10153797557539760,"Join us at the judges' table with Howie Mandel, Mel B, Heidi Klum and Simon Cowell.",Billboard,video,https://www.facebook.com/Billboard/videos/10154046506039581/,2016-03-24 14:45:20,201,24,0,189,10,0,2,0,0
10646929759_10153794543354760,"Note to self: Don't watch Howie Mandel's Snapchats before bed.

But if you do, watch them on 'agtsnaps'. üëª",Howie Mandel,video,https://www.facebook.com/OfficialHowieMandel/videos/987653137994586/,2016-03-23 20:33:13,1430,87,1,1212,22,6,190,0,0
10646929759_10153769273524760,"We're counting down the days, Simon Cowell! üéâ",Simon Cowell,photo,https://www.facebook.com/simoncowell/photos/a.190796054286319.45184.188769671155624/1102760826423166/?type=3,2016-03-16 10:33:53,498,78,0,457,31,6,2,0,2
10646929759_10153762352004760,Upgrade your Sunday night‚Äîonly ten minutes until an all-new Little Big Shots on NBC!,Little Big Shots,photo,https://www.facebook.com/NBCLittleBigShots/photos/a.1548441492134771.1073741828.1445642119081376/1566687140310206/?type=3,2016-03-13 18:50:33,275,36,0,259,15,0,1,0,0
10646929759_10153752411314760,Today is your FINAL day to submit an online audition to be a part of Season 11! Upload your video now: http://agtauditions.com,Timeline Photos,photo,https://www.facebook.com/nbcagt/photos/a.10150241297874760.332877.10646929759/10153752411314760/?type=3,2016-03-12 09:15:01,349,56,30,336,11,2,0,0,0
10646929759_10153745114659760,Who knew Al Roker was such a good ventriloquist?!,Ventriloquist Paul Zerdin heads from 'AGT' to Vegas stage,link,http://www.today.com/video/ventriloquist-paul-zerdin-heads-from-agt-to-vegas-stage-639430211910,2016-03-09 17:27:58,2478,60,153,2352,106,14,5,0,1
10646929759_10153742617669760,We don't have to spell it out for you ‚Äî this guy is incredible! See a special preview of Little Big Shots on March 8 at 10/9c!,Little Big Shots,video,https://www.facebook.com/NBCLittleBigShots/videos/1563551453957108/,2016-03-08 20:30:00,592,44,0,529,19,14,30,0,0
10646929759_10153742369439760,"Thrilled to announce #AGT Season 11 will premiere Tuesday, May 31 at 8/7c on NBC!",Timeline Photos,photo,https://www.facebook.com/nbcagt/photos/a.10150241297874760.332877.10646929759/10153742369439760/?type=3,2016-03-08 16:58:01,1482,155,304,1337,117,21,3,0,4
10646929759_10153727126534760,"From dancers to singers to someone dressed as a foot, #AGT Auditions in Dallas had it all!",,video,https://www.facebook.com/nbcagt/videos/10153727126534760/,2016-03-01 16:21:29,800,60,87,757,33,1,9,0,0
10646929759_10153726719429760,"The inside scoop on #AGT Season 11, courtesy of Heidi Klum.",Heidi Klum Spills 'America's Got Talent' Secrets,link,http://www.huffingtonpost.com/entry/heidi-klum-americas-got-talent-beauty_us_56d066f9e4b0871f60eb0619?ir=Entertainment&section=us_entertainment&utm_hp_ref=entertainment,2016-03-01 12:13:28,596,61,26,575,14,5,2,0,0
10646929759_10153724725639760,"Get your week started right. Audition for Season 11 today on YouNow, 5PM ET/ 2PM PT! YouNow.com/AGT_Auditions",55.media.tumblr.com,link,https://55.media.tumblr.com/61920fb1d528e7092c9b450cc2802530/tumblr_inline_nvasofpedM1rueap1_500.gif,2016-02-29 14:21:24,189,27,12,181,7,0,0,1,0
10646929759_10153721105099760,To everyone that came out to audition in Dallas‚Äîthanks for an unforgettable day!,Timeline Photos,photo,https://www.facebook.com/nbcagt/photos/a.10150241297874760.332877.10646929759/10153721105099760/?type=3,2016-02-27 20:31:13,752,39,17,738,7,5,1,0,1
10646929759_10153720835989760,"We like your style, Dallas! üòé","America's Got Talent - AGT on Instagram: ""Dallas has got moves! #AGT""",video,https://www.instagram.com/p/BCTh5Y0OnZk/,2016-02-27 17:31:03,299,19,9,299,0,0,0,0,0
10646929759_10153720777734760,Talent comes in all shapes and sizes. üåü,Timeline Photos,photo,https://www.facebook.com/nbcagt/photos/a.10150241297874760.332877.10646929759/10153720777734760/?type=3,2016-02-27 16:50:45,2095,50,65,2040,47,7,1,0,0
10646929759_10153718921374760,"Hey Dallas‚Äîit's go time. 
agtauditions.com",Timeline Photos,photo,https://www.facebook.com/nbcagt/photos/a.10150241297874760.332877.10646929759/10153718921374760/?type=3,2016-02-27 07:05:00,228,28,14,218,8,2,0,0,0
10646929759_10153718907629760,"If you had to give one piece of advice to people auditioning for #AGT in Dallas tomorrow, what would it be?",Timeline Photos,photo,https://www.facebook.com/nbcagt/photos/a.10150241297874760.332877.10646929759/10153718907629760/?type=3,2016-02-26 18:29:32,295,58,13,288,5,1,0,0,1
10646929759_10153718244759760,Our last day of in-person auditions is tomorrow! Bring your A game and meet us in Dallas: agtauditions.com,Timeline Photos,photo,https://www.facebook.com/nbcagt/photos/a.10150241297874760.332877.10646929759/10153718244759760/?type=3,2016-02-26 11:22:16,217,25,17,206,7,3,0,0,1
